concert,64213098db3bdac0
concert,all-our-programs-written-by
concert,and-here-we-sit
concert,beeing-famous-isnt-nice
concert,bezumie-pyshet-pod-tonkoy-koroyu
concert,byvayut-dni-korotkogo-pokoya
concert,cf65b2186a922674
concert,chem-bolshe-ya-lyublyu-lyudey-tem
concert,cherez-vosem-chasov
concert,chernyy-bog
concert,cherpatj-pri-vide-sebja
concert,chto-to-zhmetsja-v-grudi
concert,cocoon-is-in-the-cage
concert,could-you-imagine
concert,da-mne-stalo-luchshe
concert,derjmo-vsplyvaet
concert,devil-in-me-wants-to
concert,dlja-vseh-kto-zabyl
concert,do-not-stand-at-my-grave-and-weep
concert,doktor-gde-sredstvo
concert,doktor-rabovladelets
concert,dolgo-shli-znoem-i
concert,dont-have-a-name
concert,ef0ff43c283efd6a
concert,ego-dvizheniya-kak-kraski
concert,esli-beloe-na-belom
concert,eto-forma-stiha-kogda
concert,eto-poshlo-i-stydno
concert,every-morning-i-top-up
concert,failed-attempts-at-self-expression
concert,from-sunset-to-sunrize
concert,gospodi-day-mne-son
concert,got-no-feeling-in-my-head
concert,i-am-floatin-away-in
concert,i-am-floating-away-in
concert,i-am-from-kompukter-games
concert,i-am-not-a-son
concert,i-am-not-that-kind
concert,i-feel
concert,i-got-a-sharp-tongue
concert,i-have-been-for-a-long-time
concert,i-have-these-things-that-ive-been
concert,i-incite-fear-inside-me-fire-in
concert,i-need-a-booster-right-now
concert,i-sokol-dolgo-letal-po-nebu
concert,i-v-etom-dome-estj-svoboda
concert,i-would-see-before-me-clearer
concert,id-like-to-tell-you-guy
concert,im-saint-with-sin
concert,inzhener-byl-bolen-vidom
concert,istekayu-vremenem
concert,it-is-strange-that-way
concert,iz-menya-puzyryami-vykhodit-par
concert,iz-pod-tvoikh-nog-ukhodit
concert,kak-mne-sdelat-tak-chtob-slepoy
concert,kak-vazhno-moemu-ottsu
concert,kak-vykhodil-iz-sebya
concert,kakoe-nastronie-ty-nesesh
concert,kazhdy-denj-samolety
concert,kazhdyyu-polnoch
concert,kislota
concert,kofe-i-gorjkiy-shokolad
concert,kogda-est-sily-vspomnit-o
concert,kogda-sdelany-stavki-tishina
concert,kogda-verblyud-tvoikh-usilij
concert,kogda-veter-podnimaet-ugol
concert,kogda-vsyo-govorit-o-dushevnoy
concert,kogda-zhe-ya-nakonetsto
concert,komu-by-tak-ottrakhat-mozg-chtob
concert,kosmatyy-pizdets-posetil
concert,kromsaet-chto-to
concert,kto-vklyuchaet-v-polden-svet
concert,lately-ive-been-noticing
concert,libo-poekhat-umom-a-telom-na-kubok
concert,life-is-too-fast
concert,lyubaya-ideya
concert,menya-zovut-vadim
concert,migaj-kursor-migaj
concert,miluj-bozhe
concert,mne-kazhetsya-gde-to
concert,mne-nenavisten-vid-moey-kvartiry
concert,mne-skazali-pomenyay-akkord
concert,moja-babushka-kurit
concert,mol-plesen-i-chat-gpt
concert,molitsa
concert,moya-mama-menja-ne
concert,my-country-does-funny-things
concert,my-skladyvaem-pesni
concert,na-delakh-nechestnykh
concert,na-menya-nalozhili-zaklyatie
concert,ne-nado-mne-tverdit
concert,ne-ustanu-ne-prekrashchu
concert,never-been-molested-and-im
concert,no-im-not-yours
concert,noch
concert,nuzhdayusj-ya-vo-flirte
concert,o-nelegkoj-detskoj-dole
concert,okruzhaem-zverya
concert,on-padaet-v-liftovoy-shakhte
concert,on-sadilsya-na-avtobus
concert,on-vykhodil-iz-sebya
concert,ona-kupila-sebe-shapochku-s-shalyu
concert,oni-golodali
concert,otodvinul-ya-krovatj
concert,otoshla-zima-prishla-vo-dvor
concert,plyvja-zadykhaemsja
concert,plyvya-zadyhaemsya
concert,pomnyu-byli-dni-ya-zasypal
concert,posetish-li-ty
concert,poslednee-vysvistyvaete
concert,potoki-reka
concert,pristayu-k-tvoemu-portu
concert,probuyu-rassypatj-mir
concert,pust-razryaditsya-telefon
concert,pusty-slova-moi-glaza-i-moy
concert,satoshi-nakamoto-ne-znaet
concert,segodnya-mne-nayavu-prisnilos
concert,so-many-years-ago-my
concert,soglasno-tekstam-ya-obitayu
concert,spat-spat-spat-spat
concert,spat-spat-spat-spat-muchitelno-i
concert,svoboda-estj-vybora-net
concert,syn-goroda-raspadayuschegosya
concert,tak-chto-ne-sovetuyte-mne-dumat
concert,tam-gde-gorod-i-hram
concert,tam-gde-gorod-ludishek
concert,the-sun-was-coming-down-in-the-city
concert,time-is-eating-days-like
concert,tjazhelo-zhitj
concert,to-express-my-happy-mood
concert,to-svet-mne-temnoty-miley-to-tma
concert,tresk-vetok-i-shorokh
concert,ty-odna
concert,ty-sidish-ty-sidish-ty
concert,ty-znay-ustya-reki-zapolnit
concert,ustayot-li-zloy-tsar
concert,v-gorod-pereselilis-ezhi
concert,v-mig-kogda-pogibaet-mir
concert,v-poslednee-vremya-sluchaetsya-chuvstvovat
concert,vakhtery-mira-i-truda
concert,vse-videli-ego-v-lico
concert,vstretilsja-mne
concert,vsyo-ispolnyaetsya
concert,we-watch-contentious-lawyers
concert,when-stuff-is-missing-from-your
concert,why-do-i-feel-so
concert,xixun
concert,ya-bilyardnyj-shar
concert,ya-chtoto-delayu-ne-tak-a-chto
concert,ya-goloden
concert,ya-idu-po-ognyu
concert,ya-ne-pytayus-oshibitsya-vnov
concert,ya-ne-v-sebe
concert,ya-ne-vizhu-detey
concert,ya-nediagnostirovannyj
concert,ya-nenavizhu-vse-chto-vizhu
concert,ya-odinok
concert,ya-pomnju-vremja
concert,ya-sizhu-v-dorogom-palto
concert,ya-slishkom-mnogo-videl
concert,ya-snova
concert,ya-utonul
concert,ya-vchera-sel-yabloko
concert,ya-vse-sdelal-kak-hotel
concert,ya-zamknus-i-menya-ne
concert,ya-zamknus-i-menya-ne-naydyote
concert,you-struggling-in-real-life
concert,yurist-poteryal-avtoritet
concert,zmeinye-sny-shmelinye-dni
concert,zvezdy-ostanutsa-zdesj
crossroads,english-lessons
crossroads,legal
lounge,bells
lounge,guitar20191127
lounge,guitar20191208
lounge,guitar20241127
lounge,guitar20251125
lounge,happy-birthday
lounge,lishenie-spetsianljnogo
lounge,piano-dungeon
lounge,piano20251205
lounge,voice20250524
stage,3-neprikosnovennost-zhilishcha
stage,afeliya-v-cvetah
stage,aleksandr-galich-kogda
stage,alisher-navai
stage,andrey-dementev-ty
stage,anna-ahmatova
stage,ballada-v-stile
stage,because-i-do
stage,bednyy-drug-istomil
stage,bili-kopyta-peli
stage,bogatstvu-vovse-ya
stage,byl-domik-v
stage,byla-zhara-lesa
stage,byloe-ne-vykinut
stage,bystro-molodost-prohodit
stage,byvayut-nochi-tolko
stage,cheloveki-dney-poslednih
stage,chem-pahnut-remesla
stage,chistyy-osenniy-veter
stage,chto-novyy-god
stage,chto-takoe-sluchilos
stage,cvetok-zasohshiy-bez
stage,dano-mne-telo
stage,davay-poedem-v
stage,david-samoylov-zinoviyu
stage,dekabr-no-ne
stage,deti-smotryat-na
stage,devushka-pela-v
stage,dinamomashina
stage,dont-spare-me-a-lot-of-time
stage,dorogi-prevratilis-v
stage,dve-ptichki-kak
stage,es-ognetsi-bolorin
stage,eshche-shumel-veselyy
stage,esli-b-mog-po-lune
stage,esli-ty-hochesh
stage,est-dushi-gde
stage,est-rechi-znachenie
stage,etu-knigu-mne
stage,evgeniy-evtushenko-day
stage,evgeniy-evtushenko-staryy
stage,georg-trakl-v
stage,golova-svini-na
stage,gorkoy-rasplaty-zabvene
stage,goy-ty-rus
stage,here-they-are-pale-sounds
stage,hotel-by-ya
stage,how-do-you-do-little-girls
stage,hvala-izobretatelyam-podumavshim
stage,i-strashno-umeret
stage,i-wandered-lonely
stage,i-ya-uydu
stage,ibo-ya-ne
stage,if-you-can
stage,imeyut-li-chuvstva
stage,in-the-dark-i-have
stage,in-the-desert-dry-and-stingy
stage,itak-opyat-u
stage,iz-cikla-v
stage,iz-pindemonti
stage,iz-teh-li
stage,k-chemu-vnimanie
stage,k-panu
stage,k-polunochi-v
stage,k-seredinnym-godam
stage,kak-by-obmanuto
stage,kak-mir-menyaetsya
stage,kak-obychno-u
stage,kak-pobil-gosudar
stage,kak-son-proydut
stage,kak-tuchi-odinokoy
stage,kak-ya-ih
stage,kakoynibud-predok-moy
stage,kazalos-by-nu
stage,klonitsya-k-nivam
stage,kogda-bozhestvennyy-bezhal
stage,kogda-minuet-den
stage,kogda-na-ekrane
stage,kogda-pridyosh-i
stage,kogda-ty-zagnan
stage,kogda-uvidish-na
stage,kogda-v-tebe
stage,kogda-volnuetsya-zhelteyushchaya
stage,kogdato-v-sluchay
stage,kto-na-lavochke
stage,kto-verit-v
stage,ktoto-tak-uzhe
stage,kulichyonnyy-mzdoimec
stage,leonid-filatov
stage,leonid-filatov-ballada
stage,leonid-filatov-parodiya
stage,les-fleurs-stphane-mallarm
stage,les-tochno-terem
stage,life-believe-is
stage,listok-pokrytyy-ryabyu
stage,lyubov-eto-takoe
stage,lyubov-lyubvi-nerovnya
stage,lyudey-neinteresnyh-v
stage,magazin-tolpa-deshevka
stage,magazin-tolpa-deshyovka-vdrug
stage,magazin-zashel-allo
stage,mech-sozdal-spravedlivost
stage,medlenno-i-neuverenno
stage,menya-odolevaet-ostroe
stage,mesyac-zerkalnyy-plyvet
stage,mezhdu-pechalyu-i
stage,mihail-bulgakov
stage,milyy-malchik-ty
stage,mimo-restalishch-kapishch
stage,mir-uspokoennyy-dushe
stage,mne-kazhetsya-poroyu
stage,mne-nravitsya-chto
stage,mne-nravitsya-eto
stage,mne-viditsya-bezbrezhnaya
stage,mne-zhalko-chto
stage,mnenie-francuzskogo-posla
stage,moim-stikham-napisannym
stage,molchi-skryvaysya-i
stage,morozhenoe
stage,morskoy-bereg-nebo
stage,moy-chernyy-karlik
stage,moy-ryzhiy-krasivyy
stage,moya-lyubov-na
stage,muha-sela-na
stage,my-ne-umeem
stage,my-pobediteli-voshli
stage,my-s-toboy
stage,my-soblyudaem-pravila
stage,my-ubayukannye-deti
stage,my-vse-hodili
stage,na-golubykh-i-zelenykh
stage,na-inoj-lad
stage,na-mae-brushilis
stage,na-paveleckoy-radialne
stage,na-vesenney-protalinke
stage,na-zakate-begu
stage,nad-morem-temnym
stage,nastoyashchih-lyudey-tak
stage,naumka-rzhavin
stage,ne-blazh-a
stage,ne-dozhd-almaznyy
stage,ne-nado-prikhodit
stage,ne-s-temi
stage,ne-veryu-ya
stage,ne-vyhodi-iz
stage,nedvizhnyy-vecher-s
stage,neoromanticheskaya-skazka
stage,neozhidannyy-blagodatnyy-dozhd
stage,net-i-ne
stage,net-v-zhizni
stage,net-ya-ne
stage,net-ya-ne-trebuyu
stage,nizkiy-dom-s
stage,noch-ulica-fonar
stage,nu-dogadka
stage,nu-horosho-dopustim
stage,ochisti-sneg-stranu
stage,odin-v-polyah
stage,odnazhdy-chelovek-prihodit
stage,oh-my-aged
stage,on-ne-solgal
stage,oslu-obrazovanie-dali
stage,ot-blednogo-listka
stage,parikaz-loshadyam
stage,pechalnaya-svecha-trepeshchet
stage,pechechka-zalepetala-chto
stage,pisatel-esli-tolko
stage,po-naberezhnoy-nochyu
stage,pochemu-ty-plachesh
stage,poka-pod-snegom
stage,polnochnyh-solnc-k
stage,polverlen-nochnoy-peyzazh
stage,polyubi-etu-vechnost
stage,pomeshchiku-odnazhdy-v
stage,pomnyu-pomnyu-dyadyu
stage,ponachalu-v-samyh
stage,posle-poseshcheniya-zooparka
stage,pover-chto-zhizn
stage,prazdnik-urozhaya
stage,pred-derevom-ya
stage,prekrasen-mir-ne
stage,prekrasnyy-hlor-filicin
stage,pridut-nezametnye-belye
stage,prishla-stoit-ey
stage,privyknuv-ko-vsem
stage,prizadumalsya-vecher-rumyanyy
stage,proklyate-veka-eto-speshka
stage,proklyatie-veka-eto
stage,prostite-prostite-prostite
stage,ptica-chyornaya-zdes
stage,puskay-pogasnet-svet
stage,pyat-let-plechiko
stage,raskalena-kak-smol
stage,raz-uslyshal-bednyy
stage,reka-vremen-v
stage,riches-i-hold
stage,rosu-vishnevuyu-mecha
stage,s-glubokoyu-dumoy
stage,s-gnezd-zamahali
stage,samo-upalo-yabloko
stage,sbylas-beda-prorocheskih
stage,segodnya-133-goda
stage,segodnya-v-utrennyuyu
stage,sela-koshka-na
stage,seryozha-uchit-uroki
stage,seyatel-vyshel-s
stage,shireshire-kruzhas-v
stage,sizhu-ya-kakto
stage,skazat-chto-ty
stage,skazhi-ty-pomnish
stage,slovom-zhivym-sochetannye
stage,slyshu-gul-vyzvyvaniya
stage,snova-noch-i
stage,sprosili-kakto-satanu
stage,sredi-bela-dnya
stage,sredi-zvezd-pust
stage,sredniy-uroven
stage,stariki-upravlyayut-mirom
stage,starushka-poshla-prodavat
stage,sumev-otgoroditsya-ot
stage,sverchok-u-muzhika
stage,svyatoy-georgiy-ubiv
stage,syadem-zdes-u
stage,syostry-tyazhest-i
stage,tak-sochinilas-mnoy
stage,tam-tebya-vidyat
stage,tarakan-kak-v
stage,this-is-a
stage,to-povest-minovavshih
stage,tomu-kto-zhivet
stage,turning-and-turning
stage,tvorchestvo-ten-nesozdannyh
stage,twas-breathing-and
stage,ty-pomnish-v
stage,ty-tozhe-rodilsya
stage,ty-v-strasti
stage,ty-ved-vidish
stage,tyatka-i-von
stage,u-kazhdogo-svoya
stage,u-nas-govoryat
stage,u-purpurnoy-kolybeli
stage,utro-voshodit-den
stage,uz-skoljko-ih-upalo
stage,uzhe-vtoroy-dolzhno
stage,uznal-by-ya
stage,v-gorkah-znal
stage,v-kakieto-novye
stage,v-kvartire-chtoto
stage,v-mire-net
stage,v-mire-shirokom
stage,v-nenaste-vyshli
stage,v-odnom-sele
stage,v-odnoy-znakomoy
stage,v-pustyne-chahloy
stage,v-pyatnadcat-let
stage,v-shirokih-shlyapah
stage,v-te-dni
stage,v-tot-vecher
stage,v-tumane-oblachnyh
stage,v-yaponii-chital
stage,v-zhilishchah-nashih
stage,valentin-gaft-babochka
stage,varkalos-hlevki-i
stage,vas-lyublyu-hot
stage,vecher-opustis-blistayushchiy
stage,velikodushie-smyagchaet-serdca
stage,vesele-vkrug-nas
stage,vesna-dushi-belymsinim
stage,vizavi-s-moim
stage,vladenie-nashe-carstvenno
stage,voet-veter-v
stage,volhvy-zabudut-adres
stage,vot-eto-horoshaya
stage,vot-ne-takoy
stage,vot-sidit-pred
stage,vot-uzh-seychas
stage,vse-idet-po-planu
stage,vse-nevinno-v
stage,vse-ya-moe
stage,vsyo-mirozdanie-zazhato
stage,vsyu-noch-segodnya
stage,vy-pomnite-vse
stage,vy-stol-zabyvchivy
stage,vyydi-na-krovlyu
stage,vzglyanut-v-lico
stage,vzlomayutsya-volny-kak
stage,wanwei
stage,where-the-sidewalk-ends
stage,ya-by-umer
stage,ya-dumal-dolgo
stage,ya-hozhu-shirokim
stage,ya-ispytal-prevratnosti
stage,ya-ne-ishchu
stage,ya-ne-lyublyu
stage,ya-ne-znal
stage,ya-nishchaya-padal
stage,ya-perezhil-svoi
stage,ya-raznyy-ya
stage,ya-v-koridore
stage,ya-v-zhizni
stage,ya-vas-lyubil
stage,ya-verno-bolen
stage,ya-vidal-inogda
stage,ya-videl-ozero
stage,ya-vse-vremya
stage,ya-vstal-odnazhdy
stage,ya-vsyu-zhizn
stage,ya-znayu-pravdu
stage,ya-znayu-yamby
stage,yeah
stage,yunosha-blednyy-so
stage,za-gremuchuyu-doblest
stage,zasyplet-sneg-dorogi
stage,zerkalo
stage,zheleznaya-doroga
stage,zhelezobetonnye-giri-doma
stage,zvezdy-sineyut-derevya
stage,zvony-zvony-perezvony
theatre,cat
laboratory,dictatum-soul
laboratory,who-we-are-nl
laboratory,nasim-xp-nodejs
laboratory,nasim-xp-react
laboratory,enkhe-change-of
laboratory,vinona-love-story
laboratory,kzleks-how-to-make
laboratory,plato
laboratory,dialogue-ontonomy
crossroads,dialogue-ontonomy
