64213098db3bdac0,2025-03-31
afeliya-v-cvetah,1898-11-30
all-our-programs-written-by,2025-03-19
anna-ahmatova,1917
cat,2026-01-19
cf65b2186a922674,2025-03-22
cherez-vosem-chasov,2026-01-26
concert,2026-05-19
crossroads,2026-04-19
dano-mne-telo,1909
devushka-pela-v,1905-08
ef0ff43c283efd6a,2024-01-16
eshche-shumel-veselyy,1848
est-rechi-znachenie,1840
i-am-floating-away-in,2025-05-11
i-am-not-a-son,2025-11-11
i-am-not-that-kind,2025-04-19
kak-ya-ih,1942
kazhdyyu-polnoch,2022-11-01
kogda-bozhestvennyy-bezhal,1874
kogda-ty-zagnan,1911
lately-ive-been-noticing,2025-08-15
magazin-zashel-allo,1990
mne-kazhetsya-poroyu,1965
mne-nravitsya-chto,1915
mne-skazali-pomenyay-akkord,2025-08-25
morskoy-bereg-nebo,1921
moy-chernyy-karlik,1909
moya-lyubov-na,1911
my-country-does-funny-things,2025-04-01
my-s-toboy,1851
ne-dozhd-almaznyy,1921-04-29
ne-nado-prikhodit,1963
ne-s-temi,1922
never-been-molested-and-im,2025-03-18
noch-ulica-fonar,1912
oni-golodali,2025-03-28
ot-blednogo-listka,1899
otoshla-zima-prishla-vo-dvor,2025-05-05
plyvya-zadyhaemsya,2025-08-06
prishla-stoit-ey,1974
pristayu-k-tvoemu-portu,2025-04-15
raz-uslyshal-bednyy,1910
reka-vremen-v,1816
segodnya-mne-nayavu-prisnilos,2025-05-23
snova-noch-i,1914
spat-spat-spat-spat,2025-08-17
sredi-bela-dnya,1988
sredi-zvezd-pust,1876-11-22
sredniy-uroven,1959
stage,2026-05-19
sumev-otgoroditsya-ot,1966
tam-gde-gorod-i-hram,2016-10-10
theatre,2026-05-19
time-is-eating-days-like,2025-03-19
tvorchestvo-ten-nesozdannyh,1895
ty-sidish-ty-sidish-ty,2025-08-20
ty-znay-ustya-reki-zapolnit,2025-08-20
uzhe-vtoroy-dolzhno,1930
v-poslednee-vremya-sluchaetsya-chuvstvovat,2025-03-14
vse-nevinno-v,1926-08-27
vse-videli-ego-v-lico,2025-04-27
vy-stol-zabyvchivy,1918
ya-goloden,2025-10-14
ya-ne-znal,1856
ya-nenavizhu-vse-chto-vizhu,2025-05-05
ya-slishkom-mnogo-videl,2025-03-25
ya-vchera-sel-yabloko,2025-08-21
ya-vse-sdelal-kak-hotel,2025-11-12
ya-zamknus-i-menya-ne,2025-08-18
ya-znayu-pravdu,1915
ya-znayu-yamby,1978
yeah,1882
you-struggling-in-real-life,2026-01-24
yurist-poteryal-avtoritet,2016-02-25
za-gremuchuyu-doblest,1931
zasyplet-sneg-dorogi,1949
zheleznaya-doroga,1864
v-mire-shirokom,1899
dictatum-soul,2023-03-07
who-we-are-nl,2024-05-14
nasim-xp-nodejs,2024-05-14
nasim-xp-react,2024-05-14
enkhe-change-of,2024-05-14
vinona-love-story,2024-06-01
kzleks-how-to-make,2024-07-04
plato,2022-12-08
